sentiment_label,bullish_trend,bearish_trend,signal
bullish,1.0,0.0,BUY
neutral,0.5,0.0,HOLD
neutral,0.3333333333333333,0.0,HOLD
neutral,0.25,0.0,HOLD
bearish,0.2,0.2,HOLD
bullish,0.3333333333333333,0.16666666666666666,HOLD
bullish,0.42857142857142855,0.14285714285714285,HOLD
bullish,0.5,0.125,HOLD
bearish,0.4444444444444444,0.2222222222222222,HOLD
neutral,0.4,0.2,HOLD
